{"case1_t1": 0.6057787222048805, "case1_t2": 0.5363311165234896, "case2_t1": 0.4880408661925021, "case2_t2": 0.6594260071476463, "case3_t1": 0.4795411737486141, "case3_t2": 0.5113676352736383, "case4_t1": 0.49050357099165653, "case4_t2": 0.4758741534200194}