"pval"	"apval"	"SBS1"	"SBS5"	"SBS18"	"SBS40"	"SBS35"
"AX4961_vs_AQ5174"	0.0141242870119484	0.0423728610358452	243.340728614359	1564.90029327548	507.570211417013	2149.33876914125	149.849997551897
"AX4958_vs_AQ5174"	0.026418195318657	0.0792545859559711	185.145358447785	1946.32481935971	671.562884432494	1602.69037908322	135.276558676788
"AQ5186_vs_AQ5174"	0.692132390466846	1	66.2434905506895	843.025314246588	0	239.731195202723	0
