"pval"	"apval"	"SBS1"	"SBS5"	"SBS18"	"SBS40"	"SBS35"
"AX4961_vs_AQ5174"	0.0141242870119484	0.0423728610358452	243.340728614359	1564.90029327548	507.570211417013	2149.33876914125	149.849997551897
"AX4958_vs_AQ5174"	0.026418195318657	0.0792545859559711	185.145358447785	1946.32481935971	671.562884432494	1602.69037908322	135.276558676788
"AQ5186_vs_AQ5174"	0.250345362485341	0.751036087456023	85.1369401040918	1062.99160763936	99.8424551132046	359.028997143341	0
