{"case3_t2": 0.6063572584353079, "case3_c1": 0.7607865512511622, "case3_c2": 0.5709676625152742}