{"case3_c1": 0.7607865512511622, "case3_c2": 0.5709676625152742}