"pval"	"apval"	"SBS1"	"SBS5"	"SBS18"	"SBS40"	"SBS31"
"AX4961_vs_AQ5174"	0.240231369230095	0.720694107690286	230.287272273989	1700.79173660578	534.569998426722	2149.3509926935	0
"AX4958_vs_AQ5174"	0.360136451389177	1	175.043912047431	2067.67357600834	699.634829266797	1598.64768267743	0
"AQ5186_vs_AQ5174"	1	1	66.2434905506895	843.025314246588	0	239.731195202723	0
