"pval"	"apval"	"SBS1"	"SBS5"	"SBS18"	"SBS40"	"SBS31"
"AQ5188_vs_AQ5176"	0.000165281715726434	0.00132225372581147	98.321080735338	428.225006576111	0	286.643671190867	210.810241497684
"AQ5180_vs_AQ5174"	0.104574620159615	0.836596961276916	0	29.230567646304	98.769432353696	0	0
"AW8051_vs_AW8061"	0.304004990882345	1	17.3941151864068	83.6058848135932	0	0	0
"AQ5181_vs_AQ5175"	0.344276965792341	1	159.322198135155	489.90924264386	428.89372845109	565.874830769895	0
"AQ5187_vs_AQ5175"	0.507713803956093	1	49.3970143489679	56.0401025991186	0	59.5628830519134	0
"AW8050_vs_AW8061"	0.746824971127311	1	45.9006580315412	204.04732762911	0	514.052014339349	0
"AQ5186_vs_AQ5174"	1	1	31.7926268785989	0	0	90.207373121401	0
"AQ5182_vs_AQ5176"	1	1	23.9788501306362	35.3364148719722	7.68473499739165	4.53431780305325e-27	1.05990971135183e-28
